"","id","ages","avg_score","avg_rat","population","num_opencard","num_usecard","monthly_card_spend","monthly_lc","monthly_loan","monthly_bk_loan","monthly_cd_loan","monthly_installments_loan","monthly_insurance_loan","monthly_sbk_loan","loan_commitment","inst_rep_loanb","ls_rep_loanb","credit_loan","mortgage_loan","credit_card_payment","credit_card_installments_payment"
"1","0","10대",771.375,3.91666666666667,58041.6666666667,1.63125,1.10458333333333,205000,9909166.66666667,8770833.33333333,3796250,77083.3333333333,1860416.66666667,293333.333333333,2157083.33333333,506250,4420833.33333333,3661666.66666667,7692500,9610000,2583.33333333333,1083.33333333333
"2","0","20대",765.208333333333,4,179541.666666667,3.50375,1.75791666666667,8e+05,28434583.3333333,23360416.6666667,13327916.6666667,583750,4632916.66666667,595833.333333333,1632083.33333333,3370833.33333333,10942500,8262500,15526666.6666667,26961666.6666667,240250,84000
"3","0","30대",788.333333333333,3.04166666666667,187375,4.07875,2.17458333333333,1582083.33333333,58171250,48597916.6666667,32812083.3333333,1121666.66666667,5455833.33333333,1860000,1259166.66666667,9153333.33333333,19682916.6666667,17977916.6666667,25908333.3333333,58296666.6666667,841041.666666667,249208.333333333
"4","0","40대",782.041666666667,3.5,241166.666666667,3.5975,2.08416666666667,1750000,73247916.6666667,62397083.3333333,41687083.3333333,1309166.66666667,5479583.33333333,2391250,992916.666666667,14235000,21875416.6666667,24272083.3333333,28711666.6666667,76048333.3333333,925791.666666667,308750
"5","0","50대",787.75,3.04166666666667,260333.333333333,2.86,1.69875,1382500,79356250,69377916.6666667,48401666.6666667,1010833.33333333,4285000,1675000,605416.666666667,20026250,17733750,30019166.6666667,27571666.6666667,88862083.3333333,709458.333333333,281291.666666667
"6","0","60대",814.375,3,169166.666666667,2.08208333333333,1.2675,885416.666666667,73728333.3333333,64658750,47015833.3333333,680833.333333333,2738750,948750,242916.666666667,21049583.3333333,13688333.3333333,28750833.3333333,20389166.6666667,88550000,461833.333333333,192791.666666667
"7","0","70대",820.458333333333,3,108375,1.17375,0.705416666666667,440833.333333333,59746666.6666667,51629583.3333333,39916250,244583.333333333,1103333.33333333,453750,109166.666666667,16656250,9397500,25199583.3333333,14532500,71592916.6666667,218625,97833.3333333333
"8","0","80대",810.125,3,37750,0.614583333333333,0.31375,193750,54220416.6666667,46091666.6666667,34846250,71250,303750,370416.666666667,71666.6666666667,12878750,7806666.66666667,25247500,10453333.3333333,60838750,87750,36458.3333333333
"9","0","90대",812,3,6000,0.276666666666667,0.125416666666667,84166.6666666667,59298333.3333333,51832916.6666667,43607083.3333333,24583.3333333333,67500,0,46666.6666666667,10189583.3333333,8385416.66666667,33175833.3333333,9577083.33333333,60897916.6666667,28625,11416.6666666667
"10","1","10대",771.5,3.91666666666667,481791.666666667,1.7,1.07,190416.666666667,16385833.3333333,14162500,9139166.66666667,156250,1357500,492083.333333333,1812500,477916.666666667,6498333.33333333,6999583.33333333,8460416.66666667,18591666.6666667,3458.33333333333,1333.33333333333
"11","1","20대",772.125,4,1819291.66666667,3.60041666666667,1.79,830416.666666667,38832916.6666667,32232500,22136250,722500,3692916.66666667,1008750,1565416.66666667,2919166.66666667,15427083.3333333,13009166.6666667,17494583.3333333,41840416.6666667,286125,86166.6666666667
"12","1","30대",803.25,3.04166666666667,2219750,4.17125,2.21666666666667,1650416.66666667,83461250,69897500,54958750,1322083.33333333,4294583.33333333,2965833.33333333,1321666.66666667,8743333.33333333,33762083.3333333,25564583.3333333,30669166.6666667,87787500,972083.333333333,238375
"13","1","40대",796.916666666667,3.04166666666667,2483625,3.93291666666667,2.26416666666667,1904166.66666667,104684166.666667,88183333.3333333,70205000,1674583.33333333,4446250,4548750,1237500,12027500,45513750,28339583.3333333,31878333.3333333,110411250,1116041.66666667,304333.333333333
"14","1","50대",797.166666666667,3.04166666666667,2153291.66666667,3.35125,1.95541666666667,1525833.33333333,113050833.333333,96837916.6666667,78290416.6666667,1428333.33333333,3847500,4149166.66666667,885416.666666667,14872500,43060833.3333333,36932916.6666667,28525416.6666667,125400000,841833.333333333,293875
"15","1","60대",822.083333333333,3,1157458.33333333,2.58875,1.52291666666667,1026250,109818333.333333,95074583.3333333,78496666.6666667,1092500,2557500,2922500,510000,16901250,34113333.3333333,42495416.6666667,20662083.3333333,129625416.666667,555041.666666667,223458.333333333
"16","1","70대",834.458333333333,3,603916.666666667,1.61791666666667,0.957916666666667,623333.333333333,104937916.666667,90206666.6666667,77400833.3333333,520000,1079583.33333333,2056250,404583.333333333,16660416.6666667,26859583.3333333,46005416.6666667,16717916.6666667,118034583.333333,325375,140791.666666667
"17","1","80대",824.708333333333,3,214583.333333333,0.834583333333333,0.460833333333333,343750,110552083.333333,95305416.6666667,84390000,222083.333333333,389166.666666667,1934583.33333333,339166.666666667,16122916.6666667,23335833.3333333,55511250,16161250,117493750,175750,69416.6666666667
"18","1","90대",819.083333333333,3,30416.6666666667,0.34,0.16125,176250,135156250,118108333.333333,109741250,55416.6666666667,57500,1247500,437916.666666667,17124166.6666667,24972500,75908333.3333333,22481250,135867083.333333,89000,23958.3333333333
"19","2","10대",769.708333333333,3.91666666666667,130958.333333333,1.76083333333333,1.07416666666667,179166.666666667,13190000,12332916.6666667,6813750,206666.666666667,1475000,445833.333333333,2209166.66666667,692083.333333333,4889166.66666667,6532500,7526666.66666667,16543750,2750,1041.66666666667
"20","2","20대",770.833333333333,4,437916.666666667,3.69875,1.75875,727916.666666667,35067916.6666667,29929166.6666667,19297500,666250,4130000,1015416.66666667,1655833.33333333,3153750,13059583.3333333,12841666.6666667,15861666.6666667,40776666.6666667,230583.333333333,79916.6666666667
"21","2","30대",794.291666666667,3.04166666666667,535416.666666667,4.10833333333333,2.16916666666667,1481666.66666667,75106666.6666667,64288333.3333333,47076666.6666667,1289166.66666667,4864166.66666667,3360416.66666667,1232500,8185000,28999583.3333333,25222500,26898750,83310416.6666667,814125,240041.666666667
"22","2","40대",791.666666666667,3.04166666666667,596208.333333333,3.82666666666667,2.21416666666667,1710000,91565416.6666667,79365000,58149583.3333333,1487500,4962500,4383750,981666.666666667,11971250,30892083.3333333,34320833.3333333,28735000,100427916.666667,921000,314833.333333333
"23","2","50대",801.791666666667,3.04166666666667,559250,3.14458333333333,1.86916666666667,1368333.33333333,97985416.6666667,86600000,66501250,1140833.33333333,3851250,2978750,587083.333333333,17442916.6666667,23880416.6666667,43554583.3333333,28317500,110624166.666667,704458.333333333,298041.666666667
"24","2","60대",820.583333333333,3,343000,2.14333333333333,1.30041666666667,839166.666666667,86807083.3333333,76823750,61377500,762083.333333333,2219166.66666667,1540833.33333333,222916.666666667,19177083.3333333,16295833.3333333,40177083.3333333,20589166.6666667,101339583.333333,431458.333333333,195833.333333333
"25","2","70대",817.541666666667,3,186458.333333333,1.10625,0.64375,365833.333333333,65870833.3333333,57723333.3333333,48114166.6666667,246666.666666667,717500,724166.666666667,70000,14477083.3333333,10025833.3333333,32878750,15027500,75847916.6666667,173041.666666667,84750
"26","2","80대",811.416666666667,3,80708.3333333333,0.5525,0.257916666666667,112083.333333333,54335000,47274166.6666667,40303333.3333333,50416.6666666667,193333.333333333,397083.333333333,50833.3333333333,9790000,7108333.33333333,30290416.6666667,11618750,61412500,44583.3333333333,21416.6666666667
"27","2","90대",814.458333333333,3,11416.6666666667,0.2475,0.095,49166.6666666667,47917083.3333333,39335833.3333333,34898750,3750,186666.666666667,47083.3333333333,133333.333333333,5435833.33333333,8472083.33333333,25424166.6666667,15387500,46796666.6666667,12416.6666666667,6333.33333333333
"28","3","10대",768.958333333333,3.91666666666667,93250,1.71125,1.04,183333.333333333,12023750,11247500,4477083.33333333,116666.666666667,1511250,277083.333333333,2712500,760000,5009166.66666667,5330833.33333333,8421250,14662083.3333333,2875,1041.66666666667
"29","3","20대",770.916666666667,4,334458.333333333,3.53041666666667,1.73291666666667,732916.666666667,34487500,28914166.6666667,17675833.3333333,666250,4029166.66666667,728333.333333333,1666666.66666667,3282916.66666667,12315000,12462500,15670833.3333333,38310833.3333333,228458.333333333,74916.6666666667
"30","3","30대",792.416666666667,3.04166666666667,373958.333333333,3.92,2.06875,1405000,69055416.6666667,58735833.3333333,40722500,1242500,4746250,2359166.66666667,1228750,9018333.33333333,23582916.6666667,24336666.6666667,24599166.6666667,75672500,769958.333333333,216333.333333333
"31","3","40대",791.375,3.04166666666667,421166.666666667,3.4775,2.0325,1569166.66666667,82533333.3333333,71867916.6666667,49315000,1385833.33333333,4851666.66666667,2976250,887916.666666667,14270833.3333333,23737083.3333333,31833333.3333333,26724166.6666667,90899583.3333333,858250,280625
"32","3","50대",803.166666666667,3.04166666666667,434875,2.79291666666667,1.6875,1238333.33333333,86892500,76900000,55619583.3333333,984583.333333333,3472083.33333333,1958333.33333333,493333.333333333,19637916.6666667,18219583.3333333,37595833.3333333,27010000,97974583.3333333,663541.666666667,249250
"33","3","60대",821.958333333333,3,301291.666666667,1.91791666666667,1.17583333333333,744166.666666667,75375416.6666667,66755000,50626250,575416.666666667,1966250,995416.666666667,184166.666666667,20612916.6666667,13237500,32000416.6666667,20182083.3333333,87388750,408541.666666667,153125
"34","3","70대",818.333333333333,3,182791.666666667,1.04166666666667,0.605833333333333,293333.333333333,57335833.3333333,49612500,38791250,188750,714166.666666667,423333.333333333,107500,15330000,8044166.66666667,25978750,14152500,67350833.3333333,151000,56958.3333333333
"35","3","80대",813.875,3,82833.3333333333,0.5775,0.26625,86250,52362500,44312083.3333333,35204583.3333333,44166.6666666667,139166.666666667,305416.666666667,50000,10679166.6666667,6481666.66666667,27065833.3333333,9770000,60057500,33791.6666666667,13958.3333333333
"36","3","90대",817.083333333333,3,11416.6666666667,0.251666666666667,0.0904166666666667,32500,56717916.6666667,46092916.6666667,35073750,10416.6666666667,10833.3333333333,10000,0,9185416.66666667,10650416.6666667,26247500,8150000,54695833.3333333,13208.3333333333,2666.66666666667
"37","4","10대",770.291666666667,3.91666666666667,70375,1.76625,1.065,179583.333333333,14677500,13121250,6812083.33333333,190416.666666667,1100000,556250,2242916.66666667,1085416.66666667,5217083.33333333,6579583.33333333,8544166.66666667,17825833.3333333,3041.66666666667,1416.66666666667
"38","4","20대",768.041666666667,4,232708.333333333,4.03125,1.90083333333333,773333.333333333,33345416.6666667,27827916.6666667,16265416.6666667,732083.333333333,3592500,583333.333333333,1512916.66666667,4115416.66666667,11801250,11015416.6666667,15517500,36667500,252375,83833.3333333333
"39","4","30대",798.5,3.04166666666667,241083.333333333,4.77291666666667,2.41583333333333,1653750,70327916.6666667,60220000,42069166.6666667,1272083.33333333,4435000,1835416.66666667,1115833.33333333,10785416.6666667,25869166.6666667,21761250,27578750,74278750,944708.333333333,266125
"40","4","40대",801.583333333333,3.04166666666667,270500,4.29375,2.38458333333333,1875000,87706250,75942500,53252083.3333333,1468750,4192083.33333333,2454583.33333333,880416.666666667,14291250,29185416.6666667,30418750,30383333.3333333,92546666.6666667,1095583.33333333,328500
"41","4","50대",807.916666666667,3.04166666666667,237500,3.53125,2.01083333333333,1475000,86994583.3333333,76497916.6666667,54690416.6666667,1184166.66666667,3331666.66666667,2005833.33333333,588750,17708333.3333333,23024583.3333333,34115000,30350833.3333333,94686666.6666667,827958.333333333,309041.666666667
"42","4","60대",830.083333333333,3,138208.333333333,2.40666666666667,1.39166666666667,895833.333333333,73829583.3333333,64611250,47428750,870833.333333333,2109583.33333333,1303333.33333333,336250,17038750,16239583.3333333,30062083.3333333,21157500,85629583.3333333,494500,205541.666666667
"43","4","70대",831.791666666667,3,74208.3333333333,1.33583333333333,0.7625,550416.666666667,65315000,56440000,42472500,385833.333333333,840833.333333333,715833.333333333,306250,14805833.3333333,12692500,28420000,16207083.3333333,72061666.6666667,264666.666666667,130750
"44","4","80대",819.5,3,25333.3333333333,0.62625,0.309583333333333,286666.666666667,66350000,55297500,45466666.6666667,131250,225416.666666667,675000,163750,11738750,10973333.3333333,32363333.3333333,18917500,65554166.6666667,127041.666666667,54375
"45","4","90대",817.916666666667,3,3708.33333333333,0.235833333333333,0.100416666666667,92500,86736666.6666667,68111666.6666667,43635000,27083.3333333333,5000,0,0,6322500,17575416.6666667,44150416.6666667,10314583.3333333,81784583.3333333,40125,16500
"46","5","10대",768.041666666667,3.91666666666667,91333.3333333333,1.71541666666667,1.02541666666667,175000,15712500,14410000,9583750,117500,1096666.66666667,278750,1928750,981666.666666667,4430833.33333333,8842916.66666667,8943750,19300000,2875,1208.33333333333
"47","5","20대",774.458333333333,4,354916.666666667,3.79291666666667,1.90458333333333,745833.333333333,33595833.3333333,28488750,18209166.6666667,751250,3491666.66666667,995000,1605833.33333333,3760833.33333333,12519166.6666667,11292083.3333333,14815416.6666667,40631250,242791.666666667,80250
"48","5","30대",809.583333333333,3,363666.666666667,4.45041666666667,2.40291666666667,1580000,81102083.3333333,70170416.6666667,52123333.3333333,1393750,4210833.33333333,3579166.66666667,1074166.66666667,9878333.33333333,32782500,25500000,26513750,97111666.6666667,916833.333333333,259333.333333333
"49","5","40대",808.666666666667,3.04166666666667,444208.333333333,3.87833333333333,2.3075,1730416.66666667,96828750,84336666.6666667,61295000,1560833.33333333,4066250,5085416.66666667,863750,13295000,37222083.3333333,31565416.6666667,27262083.3333333,114424583.333333,1010875,317458.333333333
"50","5","50대",814.75,3,435375,3.1525,1.92375,1336250,96811250,85231250,61202083.3333333,1191250,3343750,3891666.66666667,521250,16625416.6666667,29148750,37707500,25080416.6666667,115642916.666667,753958.333333333,287375
"51","5","60대",834.541666666667,3,276583.333333333,2.38666666666667,1.41958333333333,778750,92507916.6666667,79163750,55917500,837916.666666667,2144583.33333333,2546666.66666667,266250,19131666.6666667,21374583.3333333,37392083.3333333,18209583.3333333,108532500,437333.333333333,188333.333333333
"52","5","70대",836.125,3,154458.333333333,1.61375,0.775,345416.666666667,91973750,68474583.3333333,50265000,391666.666666667,909166.666666667,1639583.33333333,126250,16470000,14960000,36520000,14210833.3333333,85730416.6666667,186625,85125
"53","5","80대",826.583333333333,3,59291.6666666667,0.845,0.3125,176250,105787083.333333,65662500,53229583.3333333,92500,206666.666666667,949583.333333333,122916.666666667,12394166.6666667,11462500,41645000,13434583.3333333,76545000,79666.6666666667,34625
"54","5","90대",821.583333333333,3,6708.33333333333,0.299583333333333,0.108333333333333,73750,122289166.666667,62644583.3333333,52034583.3333333,55000,26250,41666.6666666667,579583.333333333,7305000,8348750,46913750,8557500,72230416.6666667,31041.6666666667,11500
"55","6","10대",769.583333333333,3.91666666666667,67416.6666666667,1.69375,0.935833333333333,168333.333333333,11682083.3333333,10457083.3333333,5862500,194583.333333333,1028333.33333333,443333.333333333,1999166.66666667,525416.666666667,4712916.66666667,4981250,8551250,12547083.3333333,3291.66666666667,1375
"56","6","20대",772.125,4,245250,3.60208333333333,1.77958333333333,801666.666666667,31362083.3333333,26383750,17012083.3333333,786250,3412916.66666667,648333.333333333,1503750,3487916.66666667,11342916.6666667,10618333.3333333,15965416.6666667,33150000,264541.666666667,84000
"57","6","30대",807.708333333333,3.04166666666667,245833.333333333,4.37875,2.3475,1680000,70130000,59407083.3333333,44391666.6666667,1410416.66666667,4180833.33333333,2344583.33333333,1159166.66666667,9852083.33333333,26003333.3333333,21651250,28005000,74321250,970333.333333333,253250
"58","6","40대",807.791666666667,3.04166666666667,277041.666666667,3.97666666666667,2.33125,1881666.66666667,89767500,76551666.6666667,56522083.3333333,1625000,4012083.33333333,3125833.33333333,981666.666666667,13675416.6666667,31769583.3333333,28946250,30128333.3333333,94519583.3333333,1098458.33333333,313916.666666667
"59","6","50대",811.291666666667,3,252125,3.32541666666667,1.995,1502916.66666667,95705833.3333333,83126250,60740833.3333333,1348750,3398750,2562083.33333333,728750,16387083.3333333,27457083.3333333,37484583.3333333,28985416.6666667,103856666.666667,845416.666666667,299333.333333333
"60","6","60대",831.958333333333,3,151041.666666667,2.47791666666667,1.50458333333333,937500,86083750,74906250,54358333.3333333,1058333.33333333,2232500,1514166.66666667,531666.666666667,16312083.3333333,19739583.3333333,37390000,19762083.3333333,98907083.3333333,518541.666666667,206083.333333333
"61","6","70대",833.875,3,77666.6666666667,1.5275,0.88875,455000,74618333.3333333,63512083.3333333,47259166.6666667,463333.333333333,931666.666666667,777500,278333.333333333,13644166.6666667,13815000,35464166.6666667,13872500,79419166.6666667,228166.666666667,101750
"62","6","80대",823.5,3,28583.3333333333,0.8025,0.396666666666667,194166.666666667,78464583.3333333,65989166.6666667,52276250,133333.333333333,310833.333333333,776250,302083.333333333,10459166.6666667,11932083.3333333,43322083.3333333,16820416.6666667,76459166.6666667,93833.3333333333,39083.3333333333
"63","6","90대",818.416666666667,3,4250,0.28625,0.12125,90416.6666666667,73382500,68740416.6666667,56637083.3333333,66666.6666666667,15416.6666666667,2031250,780000,8182916.66666667,6747916.66666667,53725000,27003333.3333333,78363333.3333333,35958.3333333333,9166.66666666667
"64","7","10대",769,3.91666666666667,117375,1.77125,1.07083333333333,194166.666666667,9623333.33333333,9066666.66666667,4858333.33333333,192916.666666667,645833.333333333,137083.333333333,2532083.33333333,497083.333333333,3920416.66666667,4434583.33333333,7631666.66666667,10304583.3333333,5166.66666666667,1958.33333333333
"65","7","20대",769.625,4,480625,3.98416666666667,1.89625,788333.333333333,33311666.6666667,28251250,18170833.3333333,782916.666666667,3263333.33333333,1104583.33333333,1763333.33333333,2886666.66666667,13455833.3333333,10879583.3333333,14304166.6666667,40282083.3333333,261750,93250
"66","7","30대",802.125,3.04166666666667,516833.333333333,4.59916666666667,2.40666666666667,1623333.33333333,79206666.6666667,67468333.3333333,50647083.3333333,1503750,4375833.33333333,3670416.66666667,1361666.66666667,7745416.66666667,33641250,23947500,26034166.6666667,90540000,914166.666666667,279750
"67","7","40대",794.041666666667,3.04166666666667,567791.666666667,4.185,2.37625,1835833.33333333,95803333.3333333,81941666.6666667,60535000,1837916.66666667,4449583.33333333,5041250,1158750,9858750,39500416.6666667,29979166.6666667,27968750,108494583.333333,1010166.66666667,354291.666666667
"68","7","50대",805.458333333333,3.04166666666667,623500,3.48041666666667,2.00833333333333,1393333.33333333,95307916.6666667,82262500,60548333.3333333,1506250,3449166.66666667,4142916.66666667,739583.333333333,11444166.6666667,33841666.6666667,34834166.6666667,25853333.3333333,109488333.333333,720666.666666667,324458.333333333
"69","7","60대",828,3,460083.333333333,2.50333333333333,1.45416666666667,875416.666666667,85538750,73326250,53136666.6666667,1155833.33333333,2257916.66666667,2933750,371250,12016666.6666667,25932916.6666667,33682500,18670833.3333333,99800416.6666667,445000,226625
"70","7","70대",831.708333333333,3,223333.333333333,1.37666666666667,0.798333333333333,527500,78671666.6666667,66239166.6666667,48365000,549583.333333333,1035000,2092083.33333333,243333.333333333,11478750,20523333.3333333,33495416.6666667,16632916.6666667,82418333.3333333,249291.666666667,143791.666666667
"71","7","80대",821.375,3,65875,0.65125,0.3425,332083.333333333,80161666.6666667,67127916.6666667,50447916.6666667,180000,328333.333333333,1712500,186250,10393333.3333333,17361666.6666667,39071250,16092500,78048333.3333333,136041.666666667,72375
"72","7","90대",815.875,3,8083.33333333333,0.244583333333333,0.11625,137500,97810416.6666667,86505000,68929166.6666667,11666.6666666667,242916.666666667,251666.666666667,34166.6666666667,10725416.6666667,18748750,56975416.6666667,22084166.6666667,100674166.666667,59333.3333333333,23041.6666666667
"73","8","10대",773.260869565217,4,382217.391304348,1.75434782608696,0.98695652173913,193913.043478261,30036086.9565217,28075217.3913043,24257391.3043478,180000,587826.086956522,237826.086956522,1786521.73913043,842173.913043478,5374782.60869565,21602173.9130435,9839565.2173913,42499565.2173913,4521.73913043478,1826.08695652174
"74","8","20대",782.375,4,1632541.66666667,3.61458333333333,1.77958333333333,897083.333333333,38127916.6666667,33219583.3333333,25828333.3333333,750416.666666667,2355416.66666667,765416.666666667,1477500,5314166.66666667,13398750,13502500,20445416.6666667,45265416.6666667,315708.333333333,91791.6666666667
"75","8","30대",821.291666666667,3,1925916.66666667,4.26458333333333,2.23333333333333,1740833.33333333,85185416.6666667,73483333.3333333,62269583.3333333,1329583.33333333,3069583.33333333,2152500,1190416.66666667,12650000,32432916.6666667,26514583.3333333,36467083.3333333,98055833.3333333,1048500,245708.333333333
"76","8","40대",808.916666666667,3,1908291.66666667,3.905,2.19708333333333,1981250,110075833.333333,94359583.3333333,79304166.6666667,1782083.33333333,3219583.33333333,3745416.66666667,1183750,15460416.6666667,46185416.6666667,30250416.6666667,37032083.3333333,128232916.666667,1208958.33333333,307166.666666667
"77","8","50대",804.083333333333,3,1820083.33333333,3.30458333333333,1.87041666666667,1541666.66666667,116211666.666667,100509166.666667,84016250,1537916.66666667,2717916.66666667,3852916.66666667,902500,15589166.6666667,46538333.3333333,36284166.6666667,32357500,140801250,879125,290250
"78","8","60대",832.375,3,1238333.33333333,2.61333333333333,1.485,1036666.66666667,112877916.666667,98111250,82258333.3333333,1153750,1795833.33333333,2947500,606666.666666667,15595833.3333333,39769166.6666667,41144166.6666667,24112083.3333333,143459583.333333,584791.666666667,221833.333333333
"79","8","70대",844.833333333333,2.95833333333333,644208.333333333,1.7125,0.960416666666667,653333.333333333,114829583.333333,101096666.666667,86137916.6666667,552500,897916.666666667,2276250,422083.333333333,15363750,33003750,52010833.3333333,21195833.3333333,137601250,354291.666666667,153291.666666667
"80","8","80대",835.166666666667,2.95833333333333,213708.333333333,0.926666666666667,0.48125,468333.333333333,134971666.666667,120687500,105841666.666667,253333.333333333,485000,2562500,500833.333333333,14381250,33501666.6666667,72422916.6666667,26188750,148108333.333333,275958.333333333,86458.3333333333
"81","8","90대",826.958333333333,3,34375,0.37125,0.17125,277500,173934166.666667,158026666.666667,144400000,33333.3333333333,1482083.33333333,1287083.33333333,146250,13976250,37121250,105464583.333333,66872500,175662500,159666.666666667,30083.3333333333
"82","10","10대",769.083333333333,3.91666666666667,43916.6666666667,1.72416666666667,1.09416666666667,189166.666666667,13590416.6666667,12438750,5642083.33333333,152083.333333333,1266250,737916.666666667,2217916.66666667,1092083.33333333,4994583.33333333,6166250,7956250,17960000,2666.66666666667,1000
"83","10","20대",777.166666666667,4,170000,3.7775,1.80875,775000,39490833.3333333,33780833.3333333,21554166.6666667,713333.333333333,4126666.66666667,1658750,1680000,3672500,15150000,14026666.6666667,16924583.3333333,46578333.3333333,247416.666666667,78416.6666666667
"84","10","30대",803.125,3.04166666666667,197041.666666667,4.29,2.26125,1563333.33333333,86188750,74328333.3333333,51172500,1283333.33333333,4777916.66666667,5369583.33333333,1187500,9121250,35294166.6666667,28079166.6666667,27987083.3333333,94016250,877583.333333333,239958.333333333
"85","10","40대",801.333333333333,3.04166666666667,219500,3.83041666666667,2.23208333333333,1795416.66666667,99469166.6666667,86005833.3333333,57536250,1536250,5070000,6272500,1047083.33333333,13886666.6666667,36779166.6666667,33150000,29641666.6666667,108085833.333333,1008958.33333333,301416.666666667
"86","10","50대",818.708333333333,3,215458.333333333,3.21416666666667,1.9375,1506666.66666667,105668750,92195833.3333333,61231666.6666667,1190833.33333333,4228750,4463750,638333.333333333,19172500,29236666.6666667,42061250,28398750,119980833.333333,844583.333333333,281708.333333333
"87","10","60대",832.416666666667,3,112708.333333333,2.28708333333333,1.38125,903750,97055000,85015416.6666667,58697500,977083.333333333,2824166.66666667,2798750,267916.666666667,22588333.3333333,19872500,41068750,19001250,119416250,497208.333333333,196583.333333333
"88","10","70대",826.5,3,43625,1.195,0.6975,458750,93655000,78700833.3333333,59661250,426250,1101666.66666667,1392916.66666667,120833.333333333,23551666.6666667,12331666.6666667,42202083.3333333,16240000,101872500,235250,101708.333333333
"89","10","80대",813.916666666667,3,13250,0.527916666666667,0.252083333333333,195833.333333333,92750416.6666667,78213333.3333333,58097916.6666667,110416.666666667,302083.333333333,692500,38750,23480416.6666667,6762083.33333333,47766666.6666667,13082916.6666667,96627916.6666667,95958.3333333333,33375
"90","10","90대",814.875,3,2000,0.216666666666667,0.08375,45833.3333333333,56108333.3333333,50561250,40290000,35000,14583.3333333333,0,0,12823333.3333333,9179166.66666667,28330416.6666667,9281250,59230833.3333333,15333.3333333333,3500
"91","11","10대",769.458333333333,3.91666666666667,103166.666666667,1.68541666666667,1.07375,198333.333333333,14040416.6666667,12984583.3333333,8072083.33333333,194166.666666667,1436666.66666667,361666.666666667,2094166.66666667,212500,7139583.33333333,5395000,8686666.66666667,17411250,5083.33333333333,2083.33333333333
"92","11","20대",765.291666666667,4,426958.333333333,3.71125,1.85125,848750,36992083.3333333,31439166.6666667,21102083.3333333,725833.333333333,3745833.33333333,1176250,1661250,2214166.66666667,17268333.3333333,11022083.3333333,15165833.3333333,42122916.6666667,287125,96375
"93","11","30대",788.083333333333,3.04166666666667,498791.666666667,4.24583333333333,2.23625,1621250,76656250,65320833.3333333,50686666.6666667,1400416.66666667,4440000,2792916.66666667,1391250,6711250,34791250,21833750,26380416.6666667,82533333.3333333,918333.333333333,250083.333333333
"94","11","40대",778.583333333333,3.75,540000,3.90083333333333,2.20541666666667,1762916.66666667,93745833.3333333,79390833.3333333,62105416.6666667,1760000,4485416.66666667,4197500,1239166.66666667,8534583.33333333,45665833.3333333,22759166.6666667,27320416.6666667,98784583.3333333,972291.666666667,302666.666666667
"95","11","50대",785.625,3.25,525666.666666667,3.34958333333333,1.92083333333333,1412083.33333333,96387083.3333333,81802916.6666667,63735833.3333333,1520000,3803750,3908750,837916.666666667,9303750,43362916.6666667,27029583.3333333,23757083.3333333,103640000,732333.333333333,290833.333333333
"96","11","60대",811.708333333333,3,285000,2.5325,1.45,908750,86953750,73999583.3333333,57418750,1243750,2614583.33333333,2839166.66666667,421250,9938750,33138333.3333333,29167500,16710000,97648750,455208.333333333,212458.333333333
"97","11","70대",822.5,3,141375,1.44333333333333,0.784166666666667,492083.333333333,80042916.6666667,67336666.6666667,54147500,605416.666666667,1097916.66666667,2178333.33333333,200833.333333333,9664583.33333333,24840833.3333333,32036250,12730833.3333333,84315833.3333333,228875,117250
"98","11","80대",814.208333333333,3,50416.6666666667,0.698333333333333,0.315,226666.666666667,85355416.6666667,71543750,60254166.6666667,232916.666666667,321666.666666667,1883750,203750,8532083.33333333,22038750,40642083.3333333,11931250,84925000,92291.6666666667,46208.3333333333
"99","11","90대",812.041666666667,3,7416.66666666667,0.286666666666667,0.116666666666667,124166.666666667,83223333.3333333,69822916.6666667,58525416.6666667,28333.3333333333,226250,232083.333333333,0,7585833.33333333,16706666.6666667,45415000,14031250,82159166.6666667,41166.6666666667,20000
"100","12","10대",771.458333333333,3.91666666666667,71958.3333333333,1.6675,1.05583333333333,185000,12075833.3333333,11325833.3333333,4616666.66666667,1e+05,1305000,10000,2480000,1225833.33333333,5024583.33333333,4890000,8099166.66666667,15612500,2625,1208.33333333333
"101","12","20대",765.5,4,203625,3.63625,1.74041666666667,727500,31234583.3333333,26190416.6666667,14863750,667083.333333333,4352916.66666667,511666.666666667,1620000,3790416.66666667,12132083.3333333,9470416.66666667,16731250,32320416.6666667,219500,77166.6666666667
"102","12","30대",783.458333333333,3.41666666666667,221416.666666667,4.16333333333333,2.12916666666667,1485000,59790833.3333333,50687916.6666667,33506250,1193333.33333333,5027916.66666667,1603333.33333333,1108333.33333333,9394583.33333333,20399166.6666667,19169166.6666667,26412916.6666667,61148750,792125,237166.666666667
"103","12","40대",779.5,3.79166666666667,274333.333333333,3.70791666666667,2.05958333333333,1617500,71215833.3333333,61199583.3333333,40547083.3333333,1311250,4869583.33333333,1877916.66666667,827500,13259166.6666667,20760000,25300833.3333333,29975833.3333333,72310000,855625,292875
"104","12","50대",787.166666666667,3.125,289625,2.88958333333333,1.65625,1264166.66666667,76058750,66468750,47738750,981666.666666667,3571666.66666667,1368750,429166.666666667,17620000,17382083.3333333,30077916.6666667,31577083.3333333,80497916.6666667,651416.666666667,262250
"105","12","60대",806.625,3,203125,1.86625,1.07375,713750,62480416.6666667,54250000,41698750,535416.666666667,1929166.66666667,684166.666666667,139166.666666667,16507500,13054166.6666667,23877916.6666667,24074583.3333333,69797916.6666667,366791.666666667,148083.333333333
"106","12","70대",808.25,3,154250,0.985,0.525833333333333,258333.333333333,42795833.3333333,36693750,29942083.3333333,159583.333333333,654166.666666667,294166.666666667,38333.3333333333,11420416.6666667,7750833.33333333,17305000,16537500,49421666.6666667,121750,47500
"107","12","80대",807.333333333333,3,72458.3333333333,0.552083333333333,0.230833333333333,75416.6666666667,36071666.6666667,30638333.3333333,26344166.6666667,36250,145416.666666667,116666.666666667,28750,7759166.66666667,6115000,16704166.6666667,11685833.3333333,42268333.3333333,26875,11375
"108","12","90대",813.375,3,11166.6666666667,0.255,0.08625,27916.6666666667,33747500,27040000,23692500,0,89166.6666666667,0,0,3711250,6042916.66666667,17230000,9101250,34617916.6666667,6208.33333333333,2416.66666666667
"109","13","10대",766.958333333333,3.91666666666667,76250,1.73416666666667,0.992916666666667,162083.333333333,11516666.6666667,9832500,3580833.33333333,155416.666666667,1669166.66666667,308750,2547083.33333333,774583.333333333,4472500,4246666.66666667,8462500,10525833.3333333,2333.33333333333,958.333333333333
"110","13","20대",763.916666666667,4,233333.333333333,3.78708333333333,1.76458333333333,713333.333333333,32381250,27160833.3333333,15947500,7e+05,4031250,1097500,1540416.66666667,4253333.33333333,12232916.6666667,9864583.33333333,16329583.3333333,33744583.3333333,221791.666666667,75416.6666666667
"111","13","30대",786.833333333333,3.04166666666667,240125,4.37958333333333,2.23666666666667,1519583.33333333,63958750,53711666.6666667,36056666.6666667,1237916.66666667,4833333.33333333,3088750,1170833.33333333,10275416.6666667,21987083.3333333,19700833.3333333,26524583.3333333,65283333.3333333,850416.666666667,238541.666666667
"112","13","40대",786.708333333333,3.04166666666667,293666.666666667,3.97041666666667,2.19875,1705000,80284166.6666667,68630833.3333333,46190000,1410833.33333333,4719583.33333333,3587500,895833.333333333,13576250,24797083.3333333,28297083.3333333,29697083.3333333,83405833.3333333,964916.666666667,301125
"113","13","50대",791.75,3.04166666666667,290500,3.145,1.79541666666667,1332916.66666667,83322500,72423333.3333333,51343750,1068333.33333333,3628750,2447083.33333333,535833.333333333,16719166.6666667,20949583.3333333,33248750,30042916.6666667,89839166.6666667,726791.666666667,276333.333333333
"114","13","60대",813.833333333333,3,203500,2.09708333333333,1.22041666666667,802916.666666667,69151666.6666667,59396666.6666667,43926666.6666667,699166.666666667,2147500,1277500,256666.666666667,15614166.6666667,15522083.3333333,27212500,21911666.6666667,77249166.6666667,445083.333333333,169208.333333333
"115","13","70대",815.708333333333,3,130541.666666667,1.11625,0.622916666666667,365833.333333333,52288750,43508333.3333333,34463750,232083.333333333,759166.666666667,627083.333333333,170416.666666667,11467916.6666667,10554166.6666667,21151250,14760000,57799166.6666667,187958.333333333,75083.3333333333
"116","13","80대",809.583333333333,3,59916.6666666667,0.571666666666667,0.255833333333333,135416.666666667,48547083.3333333,39356250,32564583.3333333,62083.3333333333,156666.666666667,270416.666666667,110416.666666667,9118750,8453750,21683333.3333333,10288333.3333333,51931666.6666667,53750,21833.3333333333
"117","13","90대",811,3,8708.33333333333,0.23,0.0904166666666667,41666.6666666667,39757500,32492500,29527083.3333333,7500,416.666666666667,16250,307500,8076666.66666667,9427500,14978333.3333333,9856666.66666667,37352500,14916.6666666667,2833.33333333333
"118","14","10대",772.625,3.91666666666667,25166.6666666667,1.62,1.10125,236250,16775000,16314166.6666667,9066250,148333.333333333,924583.333333333,110833.333333333,2694583.33333333,658750,5834583.33333333,9616666.66666667,7246666.66666667,26220416.6666667,2625,1291.66666666667
"119","14","20대",765.666666666667,4,80708.3333333333,3.66958333333333,1.71,843750,31392916.6666667,27091666.6666667,15560833.3333333,535416.666666667,4499583.33333333,254583.333333333,1732500,3377083.33333333,11103750,11745416.6666667,14345000,37353750,252041.666666667,89625
"120","14","30대",785.333333333333,3.125,89583.3333333333,4.33583333333333,2.10583333333333,1827916.66666667,70147500,62382500,44230833.3333333,1072500,5374166.66666667,794583.333333333,1216250,10855416.6666667,20502083.3333333,29180416.6666667,26592083.3333333,87348333.3333333,1025000,272791.666666667
"121","14","40대",784.416666666667,3.25,111000,3.84375,2.03583333333333,2090833.33333333,99605833.3333333,90021250,63925416.6666667,1150833.33333333,5018750,1149166.66666667,999166.666666667,16957500,22876250,48234583.3333333,30648750,125086666.666667,1202125,352375
"122","14","50대",790.208333333333,3.04166666666667,97916.6666666667,3.02333333333333,1.685,1619583.33333333,108455833.333333,98862500,73036666.6666667,823333.333333333,3709166.66666667,835833.333333333,720833.333333333,22416666.6666667,18063333.3333333,56938333.3333333,31623333.3333333,136887500,886125,333958.333333333
"123","14","60대",816.625,3,58541.6666666667,2.05583333333333,1.19333333333333,1074166.66666667,104243750,94562500,73858750,488333.333333333,2176250,405833.333333333,363333.333333333,23456666.6666667,13726666.6666667,56447083.3333333,29283750,130694166.666667,604916.666666667,235625
"124","14","70대",819.25,3,35333.3333333333,1.27708333333333,0.669583333333333,548750,85890000,77201666.6666667,64859583.3333333,140833.333333333,795416.666666667,224166.666666667,172500,19046250,9253750,48629166.6666667,25314583.3333333,107645000,314666.666666667,106541.666666667
"125","14","80대",808.208333333333,3,14458.3333333333,0.716666666666667,0.290416666666667,193750,73826666.6666667,65075416.6666667,53612083.3333333,57500,150416.666666667,3151666.66666667,46250,11748750,6987500,46236666.6666667,20976666.6666667,97425000,95458.3333333333,34500
"126","14","90대",811.541666666667,3,2041.66666666667,0.31625,0.0995833333333333,58333.3333333333,41876250,34702916.6666667,24487083.3333333,18750,0,12083.3333333333,0,2655000,7021666.66666667,25007083.3333333,15642083.3333333,42416250,20250,8541.66666666667
"127","15","10대",770.875,3.91666666666667,84083.3333333333,1.75333333333333,1.0525,189166.666666667,12742083.3333333,11855833.3333333,4270833.33333333,135833.333333333,2099166.66666667,644166.666666667,2162916.66666667,377083.333333333,5796666.66666667,5511250,8870416.66666667,14848750,3541.66666666667,1791.66666666667
"128","15","20대",767.75,4,283166.666666667,3.51208333333333,1.73708333333333,807916.666666667,39633333.3333333,33182500,20927916.6666667,741666.666666667,4390833.33333333,1012500,1682083.33333333,3452916.66666667,14985833.3333333,13919166.6666667,18570000,41480416.6666667,275375,87125
"129","15","30대",792.625,3.04166666666667,329208.333333333,3.92208333333333,2.10083333333333,1562916.66666667,75260833.3333333,63615833.3333333,45065000,1272500,5224166.66666667,3140000,1490000,8823333.33333333,28648333.3333333,24421666.6666667,28167083.3333333,77252500,879958.333333333,227416.666666667
"130","15","40대",785.791666666667,3.125,345250,3.55958333333333,2.07083333333333,1730416.66666667,89546250,76573333.3333333,53994583.3333333,1457916.66666667,5435416.66666667,3785000,1209583.33333333,13523750,31239166.6666667,29815000,29321250,94117500,963541.666666667,288875
"131","15","50대",788.708333333333,3.04166666666667,316458.333333333,2.8675,1.71041666666667,1351666.66666667,97799583.3333333,85427916.6666667,63273333.3333333,1117500,4290416.66666667,2544583.33333333,762083.333333333,20048333.3333333,24903750,38922916.6666667,28728750,108928333.333333,715916.666666667,263458.333333333
"132","15","60대",811.583333333333,3,206625,2.04708333333333,1.18458333333333,785416.666666667,89667083.3333333,79193750,62094166.6666667,660000,2350000,1270833.33333333,293750,22872083.3333333,17160000,38191666.6666667,22118750,106780833.333333,423875,153333.333333333
"133","15","70대",815.041666666667,3,135416.666666667,1.23666666666667,0.6025,310416.666666667,68668750,59809166.6666667,49112916.6666667,210833.333333333,790416.666666667,587083.333333333,106666.666666667,18107083.3333333,10639583.3333333,30780416.6666667,14923750,83663333.3333333,159416.666666667,56583.3333333333
"134","15","80대",810,3,65958.3333333333,0.674166666666667,0.2675,109166.666666667,62233333.3333333,53667083.3333333,45616666.6666667,46666.6666666667,190000,306666.666666667,87916.6666666667,13730000,7941666.66666667,31914583.3333333,11409583.3333333,73444166.6666667,45000,15666.6666666667
"135","15","90대",813.458333333333,3,8208.33333333333,0.278333333333333,0.095,46666.6666666667,71561250,61180000,51048750,9166.66666666667,56250,138750,6250,13568750,7932916.66666667,39664583.3333333,9308750,69790833.3333333,9541.66666666667,3083.33333333333
"136","16","10대",771.666666666667,3.91666666666667,53208.3333333333,1.62791666666667,1.07666666666667,202083.333333333,10845416.6666667,9880416.66666667,4522083.33333333,141250,2027083.33333333,118333.333333333,2115416.66666667,299583.333333333,5547500,3839166.66666667,8766250,11734583.3333333,3708.33333333333,1750
"137","16","20대",771.416666666667,4,204333.333333333,3.37375,1.72333333333333,773333.333333333,35091250,28871250,16753750,617916.666666667,4300833.33333333,995833.333333333,1542500,3354583.33333333,13107500,11634166.6666667,16717083.3333333,36184166.6666667,242250,79666.6666666667
"138","16","30대",792.708333333333,3.04166666666667,228083.333333333,3.90625,2.08083333333333,1500833.33333333,68348750,56935000,36792500,1138750,4985000,3477500,1345416.66666667,9196666.66666667,24900000,21184166.6666667,25338750,70348333.3333333,822791.666666667,220333.333333333
"139","16","40대",790.375,3.04166666666667,262750,3.56625,2.05625,1695416.66666667,83616666.6666667,71115833.3333333,44116666.6666667,1334583.33333333,5198750,4290416.66666667,1123333.33333333,14723333.3333333,28006666.6666667,26436666.6666667,26810416.6666667,88063750,929291.666666667,280875
"140","16","50대",796.833333333333,3.04166666666667,257875,2.87666666666667,1.70291666666667,1318750,87517500,76318333.3333333,48085833.3333333,1025833.33333333,4104166.66666667,2610833.33333333,667500,20817083.3333333,21265416.6666667,32717916.6666667,25468333.3333333,97515000,695875,254666.666666667
"141","16","60대",819.916666666667,3,159125,2.0425,1.23291666666667,821250,79216666.6666667,69151666.6666667,45947083.3333333,690416.666666667,2374166.66666667,1395833.33333333,332916.666666667,21959583.3333333,15406666.6666667,30700416.6666667,18979583.3333333,92878333.3333333,436208.333333333,165750
"142","16","70대",821.5,3,92291.6666666667,1.0975,0.641666666666667,375000,62702500,53915000,37822500,233750,934583.333333333,668333.333333333,183750,17099583.3333333,10015833.3333333,26460416.6666667,12881666.6666667,73767083.3333333,188375,73041.6666666667
"143","16","80대",814.291666666667,3,37333.3333333333,0.585833333333333,0.27875,138333.333333333,60174583.3333333,49979166.6666667,37883333.3333333,51666.6666666667,218750,437083.333333333,182916.666666667,13689583.3333333,8023333.33333333,28156666.6666667,9634166.66666667,66176250,54916.6666666667,23041.6666666667
"144","16","90대",817.083333333333,3,5041.66666666667,0.24375,0.0975,60833.3333333333,79829583.3333333,66700416.6666667,54010416.6666667,16666.6666666667,20000,679583.333333333,302916.666666667,14302083.3333333,9204583.33333333,43162916.6666667,9539166.66666667,79668750,15000,6000
